<?xml version="1.0" encoding="UTF-8"?>
<beans xmlns="http://www.springframework.org/schema/beans"
    xmlns:xsi="http://www.w3.org/2001/XMLSchema-instance" 
    xmlns:p="http://www.springframework.org/schema/p"
    xmlns:context="http://www.springframework.org/schema/context"
    xmlns:mvc="http://www.springframework.org/schema/mvc"
    xmlns:cache="http://www.springframework.org/schema/cache"
    xsi:schemaLocation="
        http://www.springframework.org/schema/beans
        http://www.springframework.org/schema/beans/spring-beans-3.0.xsd
        http://www.springframework.org/schema/context
        http://www.springframework.org/schema/context/spring-context-3.0.xsd
        http://www.springframework.org/schema/mvc
        http://www.springframework.org/schema/mvc/spring-mvc-3.0.xsd  http://www.springframework.org/schema/cache 
        http://www.springframework.org/schema/cache/spring-cache-3.2.xsd
        http://www.springframework.org/schema/context http://www.springframework.org/schema/context/spring-context-3.1.xsd">
          <mvc:annotation-driven/>
        <context:component-scan base-package="com.seet20240321.controller"/>

        <bean id="ViewResolver" class="org.springframework.web.servlet.view.InternalResourceViewResolver">
            
            <property name="prefix">
                <value>/WEB-INF/views/</value>
            </property>
            <property name="suffix">
                <value>.jsp</value>
            </property>
        </bean>

</beans>